{
	"name": "jquery.mb.bgndGallery",
	"title": "jQuery mb.bgndGallery",
	"description": "This plugin let you create A flexible photo gallery that you can use also as background of your site.",
	"keywords": [
		"image",
		"gallery",
		"background",
		"CSS3",
		"effects",
		"HTML5"
	],
	"version": "1.8.0",
	"author": {
		"name": "Pupunzi (Matteo Bicocchi)",
		"email": "matteo@open-lab.com",
		"url": "http://pupunzi.com"
	},
	"maintainers": [
		{
			"name": "Pupunzi (Matteo Bicocchi)",
			"email": "matteo@open-lab.com",
			"url": "http://pupunzi.open-lab.com"
		}
	],

	"licenses": [
		{
			"type": "MIT",
			"url": "https://github.com/pupunzi/jquery.mb.bgndGallery/blob/master/licenses/MIT-LICENSE.txt"
		},
		{
			"type": "GPL",
			"url": "https://github.com/pupunzi/jquery.mb.bgndGallery/blob/master/licenses/GPL-LICENSE.txt"
		}
	],

	"bugs": "https://github.com/pupunzi/jquery.mb.bgndGallery/issues",
	"homepage": "http://pupunzi.open-lab.com/mb-jquery-components/jquery-mb-bgndgallery/",
	"demo": "http://pupunzi.com/#mb.components/mb.bgndGallery/bgndGallery.html",
	"docs": "https://github.com/pupunzi/jquery.mb.bgndGallery/wiki",
	"download": "http://pupunzi.open-lab.com/mb-jquery-components/jquery-mb-bgndgallery/",
	"dependencies": {
		"jquery": ">=1.8"
	}
}
